{"cameraMode":{"drawMode":0,"name":"Shaded","section":"Shading Mode"},"sceneLighting":false,"audioPlay":false,"sceneViewState":{"m_AlwaysRefresh":false,"showFog":true,"showSkybox":false,"showFlares":true,"showImageEffects":true,"showParticleSystems":true,"showVisualEffectGraphs":true,"m_FxEnabled":true},"in2DMode":false,"pivot":{"x":3.469149112701416,"y":1.3585033416748047,"z":-1.7739143371582032},"rotation":{"x":-0.43826770782470705,"y":-0.011928212828934193,"z":0.005602945573627949,"w":-0.8990026712417603},"size":16.886199951171876,"orthographic":false}