{"cameraMode":{"drawMode":0,"name":"Shaded","section":"Shading Mode"},"sceneLighting":false,"audioPlay":false,"sceneViewState":{"m_AlwaysRefresh":false,"showFog":true,"showSkybox":false,"showFlares":true,"showImageEffects":true,"showParticleSystems":true,"showVisualEffectGraphs":true,"m_FxEnabled":true},"in2DMode":false,"pivot":{"x":-26.775373458862306,"y":4.141305446624756,"z":-31.06134796142578},"rotation":{"x":0.5521780252456665,"y":0.005858256481587887,"z":-0.0035152791533619167,"w":0.8340363502502441},"size":4.447522163391113,"orthographic":false}