{"cameraMode":{"drawMode":0,"name":"Shaded","section":"Shading Mode"},"sceneLighting":false,"audioPlay":false,"sceneViewState":{"m_AlwaysRefresh":false,"showFog":true,"showSkybox":false,"showFlares":true,"showImageEffects":true,"showParticleSystems":true,"showVisualEffectGraphs":true,"m_FxEnabled":true},"in2DMode":false,"pivot":{"x":1.2372163534164429,"y":0.2827244997024536,"z":-32.30253982543945},"rotation":{"x":-0.5855130553245544,"y":0.022973403334617616,"z":-0.016277534887194635,"w":-0.8108405470848084},"size":4.381550312042236,"orthographic":false}