{"cameraMode":{"drawMode":0,"name":"Shaded","section":"Shading Mode"},"sceneLighting":false,"audioPlay":false,"sceneViewState":{"m_AlwaysRefresh":false,"showFog":true,"showSkybox":false,"showFlares":true,"showImageEffects":true,"showParticleSystems":true,"showVisualEffectGraphs":true,"m_FxEnabled":true},"in2DMode":false,"pivot":{"x":26.579158782958986,"y":-10.092703819274903,"z":-13.229376792907715},"rotation":{"x":-0.5721628069877625,"y":-0.0020155799575150015,"z":0.0009778591338545085,"w":-0.821076512336731},"size":16.040489196777345,"orthographic":false}