{"cameraMode":{"drawMode":0,"name":"Shaded","section":"Shading Mode"},"sceneLighting":false,"audioPlay":false,"sceneViewState":{"m_AlwaysRefresh":false,"showFog":true,"showSkybox":false,"showFlares":true,"showImageEffects":true,"showParticleSystems":true,"showVisualEffectGraphs":true,"m_FxEnabled":true},"in2DMode":false,"pivot":{"x":-11.958172798156739,"y":3.598881483078003,"z":7.572635173797607},"rotation":{"x":-0.6316164135932922,"y":-0.004059653729200363,"z":0.0023193571250885727,"w":-0.7762770652770996},"size":15.171744346618653,"orthographic":false}