{"cameraMode":{"drawMode":0,"name":"Shaded","section":"Shading Mode"},"sceneLighting":false,"audioPlay":false,"sceneViewState":{"m_AlwaysRefresh":false,"showFog":true,"showSkybox":false,"showFlares":true,"showImageEffects":true,"showParticleSystems":true,"showVisualEffectGraphs":true,"m_FxEnabled":true},"in2DMode":false,"pivot":{"x":-15.566946029663086,"y":-4.153824806213379,"z":-33.313358306884769},"rotation":{"x":-0.5461175441741943,"y":-0.01095325406640768,"z":0.006666707340627909,"w":-0.8379250764846802},"size":10.235220909118653,"orthographic":false}