{"cameraMode":{"drawMode":0,"name":"Shaded","section":"Shading Mode"},"sceneLighting":false,"audioPlay":false,"sceneViewState":{"m_AlwaysRefresh":false,"showFog":true,"showSkybox":false,"showFlares":true,"showImageEffects":true,"showParticleSystems":true,"showVisualEffectGraphs":true,"m_FxEnabled":true},"in2DMode":false,"pivot":{"x":4.829296112060547,"y":0.6737203001976013,"z":1.9288272857666016},"rotation":{"x":-0.0005326723912730813,"y":0.9588124752044678,"z":-0.284668892621994,"w":-0.002663049381226301},"size":4.630518913269043,"orthographic":false}