{"cameraMode":{"drawMode":0,"name":"Shaded","section":"Shading Mode"},"sceneLighting":false,"audioPlay":false,"sceneViewState":{"m_AlwaysRefresh":false,"showFog":true,"showSkybox":false,"showFlares":true,"showImageEffects":true,"showParticleSystems":true,"showVisualEffectGraphs":true,"m_FxEnabled":true},"in2DMode":false,"pivot":{"x":-29.45548439025879,"y":0.9669696688652039,"z":-12.026451110839844},"rotation":{"x":-0.5592911243438721,"y":-0.0002808175631798804,"z":-0.0007611096953041852,"w":-0.8299119472503662},"size":3.6700878143310549,"orthographic":false}