{"cameraMode":{"drawMode":0,"name":"Shaded","section":"Shading Mode"},"sceneLighting":false,"audioPlay":false,"sceneViewState":{"m_AlwaysRefresh":false,"showFog":true,"showSkybox":false,"showFlares":true,"showImageEffects":true,"showParticleSystems":true,"showVisualEffectGraphs":true,"m_FxEnabled":true},"in2DMode":false,"pivot":{"x":-28.218597412109376,"y":-2.592241048812866,"z":-32.12042236328125},"rotation":{"x":-0.6349138021469116,"y":-0.007127202115952969,"z":0.006262178532779217,"w":-0.7730597853660584},"size":12.770609855651856,"orthographic":false}